"y.test","Lable"
-21.0807614929643,0
-17.9029005829524,0
-1.88647590637076,0
-5.34077484703379,0
-21.4219846107307,0
-18.4446443213209,0
-36.0436533891172,0
-23.2431310506957,0
-36.0436533891172,0
36.0436533891172,1
36.0436533891172,1
36.0436533891172,1
36.0436533891172,1
36.0436533891172,1
-36.0436533891172,0
-36.0436533891172,0
-36.0436533891172,0
-36.0436533891172,0
-36.0436533891172,0
